{"cameraMode":{"drawMode":0,"name":"Shaded","section":"Shading Mode"},"sceneLighting":false,"audioPlay":false,"sceneViewState":{"m_AlwaysRefresh":false,"showFog":false,"showSkybox":false,"showFlares":false,"showImageEffects":false,"showParticleSystems":false,"showVisualEffectGraphs":true,"m_FxEnabled":true},"in2DMode":false,"pivot":{"x":-0.30590546131134035,"y":2.3636388778686525,"z":0.48413801193237307},"rotation":{"x":0.11065124720335007,"y":-0.09867487847805023,"z":0.01009090431034565,"w":0.9891620874404907},"size":0.90739506483078,"orthographic":false}