{"cameraMode":{"drawMode":0,"name":"Shaded","section":"Shading Mode"},"sceneLighting":true,"audioPlay":false,"sceneViewState":{"m_AlwaysRefresh":false,"showFog":true,"showSkybox":true,"showFlares":true,"showImageEffects":true,"showParticleSystems":true,"showVisualEffectGraphs":true,"m_FxEnabled":true},"in2DMode":false,"pivot":{"x":8.013511657714844,"y":1.0954859256744385,"z":48.12343215942383},"rotation":{"x":-0.0013675626832991839,"y":0.998119592666626,"z":-0.06627804040908814,"w":-0.0026067104190587999},"size":1.2534809112548829,"orthographic":false}