{"cameraMode":{"drawMode":0,"name":"Shaded","section":"Shading Mode"},"sceneLighting":true,"audioPlay":false,"sceneViewState":{"m_AlwaysRefresh":false,"showFog":true,"showSkybox":true,"showFlares":true,"showImageEffects":true,"showParticleSystems":true,"showVisualEffectGraphs":true,"m_FxEnabled":true},"in2DMode":false,"pivot":{"x":18.77870750427246,"y":-5.5367889404296879,"z":26.879867553710939},"rotation":{"x":0.025376763194799424,"y":0.969758927822113,"z":-0.12038412690162659,"w":0.21200710535049439},"size":14.92650318145752,"orthographic":false}