{"cameraMode":{"drawMode":0,"name":"Shaded","section":"Shading Mode"},"sceneLighting":true,"audioPlay":false,"sceneViewState":{"m_AlwaysRefresh":false,"showFog":true,"showSkybox":true,"showFlares":true,"showImageEffects":true,"showParticleSystems":true,"showVisualEffectGraphs":true,"m_FxEnabled":true},"in2DMode":false,"pivot":{"x":9.273416519165039,"y":1.0805726051330567,"z":48.461219787597659},"rotation":{"x":0.016850728541612626,"y":0.9636340737342835,"z":-0.06720539927482605,"w":0.2593335509300232},"size":1.2534809112548829,"orthographic":false}