{"cameraMode":{"drawMode":0,"name":"Shaded","section":"Shading Mode"},"sceneLighting":true,"audioPlay":false,"sceneViewState":{"m_AlwaysRefresh":false,"showFog":true,"showSkybox":true,"showFlares":true,"showImageEffects":true,"showParticleSystems":true,"showVisualEffectGraphs":true,"m_FxEnabled":true},"in2DMode":false,"pivot":{"x":-2.838061809539795,"y":1.579297661781311,"z":-10.028223991394043},"rotation":{"x":0.000018551159882918,"y":0.9980911016464233,"z":-0.06177031621336937,"w":0.00030040479032322764},"size":7.847562789916992,"orthographic":false}