{"cameraMode":{"drawMode":0,"name":"Shaded","section":"Shading Mode"},"sceneLighting":true,"audioPlay":false,"sceneViewState":{"m_AlwaysRefresh":false,"showFog":true,"showSkybox":true,"showFlares":true,"showImageEffects":true,"showParticleSystems":true,"showVisualEffectGraphs":true,"m_FxEnabled":true},"in2DMode":false,"pivot":{"x":9.20171070098877,"y":1.0257028341293336,"z":47.042232513427737},"rotation":{"x":-0.014276552014052868,"y":-0.9825193881988525,"z":0.09665318578481674,"w":-0.16077670454978944},"size":1.1281516551971436,"orthographic":false}